{
	"ambientocclusion": false,
    "textures": {
		"0": "blocks/anvil_base",
		"1": "mcpatcher/cit/null/null_overlay",
		"2": "mcpatcher/cit/null/null_background",
		"top": "blocks/anvil_top_damaged_0"
    },
	"display": {
        "thirdperson": {
            "rotation": [ 10, -45, 170 ],
            "translation": [ 0, 1.5, -2.75 ],
            "scale": [ 0.375, 0.375, 0.375 ]
        },
		"fixed": {
            "rotation": [ 0, 90, 0 ],
            "translation": [ 0, 0, 0 ],
            "scale": [ 1, 1, 1 ]
		}
    },
    "elements": [
        {   "__comment": "Anvil base",
            "from": [ 2, 0, 2 ],
            "to": [ 14, 4, 14 ],
            "faces": {
                "down":  { "uv": [ 2,  2, 14, 14 ], "texture": "#0", "rotation": 180, "cullface": "down" },
                "up":    { "uv": [ 2,  2, 14, 14 ], "texture": "#0", "rotation": 180 },
                "north": { "uv": [ 2, 12, 14, 16 ], "texture": "#0" },
                "south": { "uv": [ 2, 12, 14, 16 ], "texture": "#0" },
                "west":  { "uv": [ 0,  2,  4, 14 ], "texture": "#0", "rotation":  90 },
                "east":  { "uv": [ 4,  2,  0, 14 ], "texture": "#0", "rotation": 270 }
            }
        },
        {   "__comment": "Lower narrow portion",
            "from": [ 4, 4, 3 ],
            "to": [ 12, 5, 13 ],
            "faces": {
                "down":  { "uv": [ 4,  3, 12, 13 ], "texture": "#0", "rotation": 180 },
                "up":    { "uv": [ 4,  3, 12, 13 ], "texture": "#0", "rotation": 180 },
                "north": { "uv": [ 4, 11, 12, 12 ], "texture": "#0" },
                "south": { "uv": [ 4, 11, 12, 12 ], "texture": "#0" },
                "west":  { "uv": [ 4,  3,  5, 13 ], "texture": "#0", "rotation":  90 },
                "east":  { "uv": [ 5,  3,  4, 13 ], "texture": "#0", "rotation": 270 }
            }
        },
        {   "__comment": "Wider section beneath top portion",
            "from": [ 6, 5, 4 ],
            "to": [ 10, 10, 12 ],
            "faces": {
                "down":  { "uv": [ 10, 12,  6,  4 ], "texture": "#0", "rotation": 180 },
                "up":    { "uv": [ 10, 12,  6,  4 ], "texture": "#0", "rotation": 180 },
                "north": { "uv": [  6,  6, 10, 11 ], "texture": "#0" },
                "south": { "uv": [  6,  6, 10, 11 ], "texture": "#0" },
                "west":  { "uv": [  5,  4, 10, 12 ], "texture": "#0", "rotation":  90 },
                "east":  { "uv": [ 10,  4,  5, 12 ], "texture": "#0", "rotation": 270 }
            }
        },
        {   "__comment": "Anvil top",
            "from": [ 3, 10, 0 ],
            "to": [ 13, 16, 16 ],
            "faces": {
                "down":  { "uv": [  3, 0, 13, 16 ], "texture": "#0", "rotation": 180 },
                "up":    { "uv": [  3, 0, 13, 16 ], "texture": "#top",   "rotation": 180 },
                "north": { "uv": [  3, 0, 13,  6 ], "texture": "#0" },
                "south": { "uv": [  3, 0, 13,  6 ], "texture": "#0" },
                "west":  { "uv": [ 10, 0, 16, 16 ], "texture": "#0", "rotation":  90 },
                "east":  { "uv": [ 16, 0, 10, 16 ], "texture": "#0", "rotation": 270 }
            }
        },
        {   "__comment": "Anvil base",
            "from": [ 2, 0, 2 ],
            "to": [ 14, 4, 14 ],
            "faces": {
                "down":  { "uv": [ 2,  2, 14, 14 ], "texture": "#2", "rotation": 180, "cullface": "down" },
                "up":    { "uv": [ 2,  2, 14, 14 ], "texture": "#2", "rotation": 180 },
                "north": { "uv": [ 2, 12, 14, 16 ], "texture": "#2" },
                "south": { "uv": [ 2, 12, 14, 16 ], "texture": "#2" },
                "west":  { "uv": [ 0,  2,  4, 14 ], "texture": "#2", "rotation":  90 },
                "east":  { "uv": [ 4,  2,  0, 14 ], "texture": "#2", "rotation": 270 }
            }
        },
        {   "__comment": "Lower narrow portion",
            "from": [ 4, 4, 3 ],
            "to": [ 12, 5, 13 ],
            "faces": {
                "down":  { "uv": [ 4,  3, 12, 13 ], "texture": "#0", "rotation": 180 },
                "up":    { "uv": [ 4,  3, 12, 13 ], "texture": "#0", "rotation": 180 },
                "north": { "uv": [ 4, 11, 12, 12 ], "texture": "#0" },
                "south": { "uv": [ 4, 11, 12, 12 ], "texture": "#0" },
                "west":  { "uv": [ 4,  3,  5, 13 ], "texture": "#0", "rotation":  90 },
                "east":  { "uv": [ 5,  3,  4, 13 ], "texture": "#0", "rotation": 270 }
            }
        },
        {   "__comment": "Wider section beneath top portion",
            "from": [ 6, 5, 4 ],
            "to": [ 10, 10, 12 ],
            "faces": {
                "down":  { "uv": [ 10, 12,  6,  4 ], "texture": "#0", "rotation": 180 },
                "up":    { "uv": [ 10, 12,  6,  4 ], "texture": "#0", "rotation": 180 },
                "north": { "uv": [  6,  6, 10, 11 ], "texture": "#0" },
                "south": { "uv": [  6,  6, 10, 11 ], "texture": "#0" },
                "west":  { "uv": [  5,  4, 10, 12 ], "texture": "#0", "rotation":  90 },
                "east":  { "uv": [ 10,  4,  5, 12 ], "texture": "#0", "rotation": 270 }
            }
        },
        {   "__comment": "Anvil top",
            "from": [ 3, 10, 0 ],
            "to": [ 13, 16, 16 ],
            "faces": {
                "down":  { "uv": [  3, 0, 13, 16 ], "texture": "#0", "rotation": 180 },
                "up":    { "uv": [  3, 0, 13, 16 ], "texture": "#1",   "rotation": 180 },
                "north": { "uv": [  3, 10, 13,  16 ], "texture": "#1" },
                "south": { "uv": [  3, 10, 13,  16 ], "texture": "#1" },
                "west":  { "uv": [ 10, 0, 16, 16 ], "texture": "#1", "rotation":  90 },
                "east":  { "uv": [ 16, 0, 10, 16 ], "texture": "#1", "rotation": 270 }
            }
        }
    ]
}
