{
    "ambientocclusion": false,
    "textures": {
        "0": "mcpatcher/cit/null/overlay13",
		"1": "blocks/cobblestone",
		"2": "mcpatcher/cit/null/null_overlay",
		"3": "mcpatcher/cit/null/null_background"
    },
	"display": {
        "thirdperson": {
            "rotation": [ 10, -45, 170 ],
            "translation": [ 0, 1.5, -2.75 ],
            "scale": [ 0.375, 0.375, 0.375 ]
        },
		"fixed": {
            "rotation": [ 0, 90, 0 ],
            "translation": [ 0, 0, 0 ],
            "scale": [ 1, 1, 1 ]
		}
    },
    "elements": [
        {   "from": [ 4, 0, 4 ],
            "to": [ 12, 16, 12 ],
            "faces": {
                "down":  { "uv": [ 4, 4, 12, 12 ], "texture": "#1", "cullface": "down" },
                "up":    { "uv": [ 4, 4, 12, 12 ], "texture": "#1" },
                "north": { "uv": [ 4, 0, 12, 16 ], "texture": "#1" },
                "south": { "uv": [ 4, 0, 12, 16 ], "texture": "#1" },
                "west":  { "uv": [ 4, 0, 12, 16 ], "texture": "#1" },
                "east":  { "uv": [ 4, 0, 12, 16 ], "texture": "#1" }
            },
            "__comment": "Center post"
        },
        {   "from": [ 5, 0, 0 ],
            "to": [ 11, 13, 16 ],
            "faces": {
                "down":  { "uv": [ 5, 0, 11, 16 ], "texture": "#1", "cullface": "down" },
                "up":    { "uv": [ 5, 0, 11, 16 ], "texture": "#1" },
                "north": { "uv": [ 5, 3, 11, 16 ], "texture": "#1", "cullface": "north" },
                "south": { "uv": [ 5, 3, 11, 16 ], "texture": "#1", "cullface": "south" },
                "west":  { "uv": [ 0, 3, 16, 16 ], "texture": "#1" },
                "east":  { "uv": [ 0, 3, 16, 16 ], "texture": "#1" }
            },
            "__comment": "Full wall"
        },
        {   "from": [ 4, 0, 4 ],
            "to": [ 12, 16, 12 ],
            "faces": {
                "down":  { "uv": [ 4, 3.99, 12, 12 ], "texture": "#3", "cullface": "down" },
                "up":    { "uv": [ 4, 4, 12, 12 ], "texture": "#3" },
                "north": { "uv": [ 4, 0, 12, 16 ], "texture": "#2" },
                "south": { "uv": [ 4, 0, 12, 16 ], "texture": "#2" },
                "west":  { "uv": [ 4, 0, 12, 16 ], "texture": "#2" },
                "east":  { "uv": [ 4, 0, 12, 16 ], "texture": "#2" }
            },
            "__comment": "null center post"
        },
        {   "from": [ 5, 0, 0 ],
            "to": [ 11, 13, 16 ],
            "faces": {
                "down":  { "uv": [ 5, 0, 11, 16 ], "texture": "#3", "cullface": "down" },
                "up":    { "uv": [ 5, 0, 11, 16 ], "texture": "#2" },
                "west":  { "uv": [ 0, 3, 16, 16 ], "texture": "#2" },
                "east":  { "uv": [ 0, 3, 16, 16 ], "texture": "#2" }
            },
            "__comment": "null full wall"
        },
        {   "from": [ 0, 0, 0 ],
            "to": [ 12.1, 16, 12 ],
			"faces": {
				"east": {"uv": [0, 0, 16, 16], "texture": "#0"}
			}
		}

    ]
}
