{
    "parent": "builtin/generated",
	"textures": {
        "layer0": "items/leather_boots",
        "layer1": "items/leather_boots_overlay",
		"layer2": "./null_leather_boots_overlay"
    },
	"display": {
        "thirdperson": {
            "rotation": [ -90, 0, 0 ],
            "translation": [ 0, 1, -3 ],
            "scale": [ 0.55, 0.55, 0.55 ]
        },
        "firstperson": {
            "rotation": [ 0, -135, 25 ],
            "translation": [ 0, 4, 2 ],
            "scale": [ 1.7, 1.7, 1.7 ]
        }
    }
}