{
	"parent": "builtin/generated",
	"textures": {
        "layer0": "mcpatcher/cit/null/null_background",
		"layer1": "blocks/flower_dandelion",
		"layer2": "mcpatcher/cit/null/washed_icon",
		"layer3": "mcpatcher/cit/null/overlay11"
    },
	"display": {
        "thirdperson": {
            "rotation": [ -90, 0, 0 ],
            "translation": [ 0, 1, -3 ],
            "scale": [ 0.55, 0.55, 0.55 ]
        },
        "firstperson": {
            "rotation": [ 0, -135, 25 ],
            "translation": [ 0, 4, 2 ],
            "scale": [ 1.7, 1.7, 1.7 ]
        }
    }
}
