{
	"credit": "Made with Blockbench",
	"textures": {
		"0": "mcpatcher/cit/null/overlay10",
		"1": "mcpatcher/cit/null/null_overlay",
		"2": "blocks/red_sandstone_normal",
		"3": "blocks/red_sandstone_top",
		"4": "blocks/red_sandstone_bottom"
	},
	"elements": [
		{
			"from": [0, 8, 0],
			"to": [16, 16, 16],
			"rotation": {"angle": 0, "axis": "y", "origin": [0, 8, 0]},
			"faces": {
				"north": {"uv": [0, 8, 16, 16], "texture": "#2"},
				"east": {"uv": [0, 8, 16, 16], "texture": "#2"},
				"south": {"uv": [0, 8, 16, 16], "texture": "#2"},
				"west": {"uv": [0, 8, 16, 16], "texture": "#2"},
				"up": {"uv": [0, 0, 16, 16], "texture": "#3"},
				"down": {"uv": [0, 0, 16, 16], "texture": "#4"}
			}
		},
		{
			"from": [0, 8, 0],
			"to": [16, 16, 16],
			"rotation": {"angle": 0, "axis": "y", "origin": [0, 8, 0]},
			"faces": {
				"north": {"uv": [0, 8, 16, 16], "texture": "#1"},
				"east": {"uv": [0, 8, 16, 16], "texture": "#1"},
				"south": {"uv": [0, 8, 16, 16], "texture": "#1"},
				"west": {"uv": [0, 8, 16, 16], "texture": "#1"},
				"up": {"uv": [0, 0, 16, 16], "texture": "#1"},
				"down": {"uv": [0, 0, 16, 16], "texture": "#1"}
			}
		},
		{
			"from": [0, 8, 0],
			"to": [16, 16, 16],
			"rotation": {"angle": 0, "axis": "y", "origin": [0, 8, 0]},
			"faces": {
				"up": {"uv": [16, 16, 0, 0], "texture": "#0"}
			}
		}
	]
}
